ID,lexiconId,DisplayText,ThemePackId,CategoryTag,Weight,EffectId,notes
1,101001,北京烤鸭,1,1,1.0,0,
2,101002,炸酱面,1,1,1.0,0,
3,101003,涮羊肉,1,1,1.0,0,
4,101004,豆汁儿,1,1,1.0,0,
5,101005,炒肝,1,1,1.0,0,
6,101006,卤煮火烧,1,1,1.0,0,
7,101007,爆肚,1,1,1.0,0,
8,101008,艾窝窝,1,1,1.0,0,
9,101009,驴打滚,1,1,1.0,0,
10,101010,豌豆黄,1,1,1.0,0,
11,101011,芸豆卷,1,1,1.0,0,
12,101012,糖火烧,1,1,1.0,0,
13,101013,门钉肉饼,1,1,1.0,0,
14,101014,芥末墩,1,1,1.0,0,
15,101015,炒疙瘩,1,1,1.0,0,
16,101016,灌肠,1,1,1.0,0,
17,101017,京酱肉丝,1,1,1.0,0,
18,101018,京味烧麦,1,1,1.0,0,
19,101019,褡裢火烧,1,1,1.0,0,
20,101020,羊蝎子,1,1,1.0,0,
21,101021,麻豆腐,1,1,1.0,0,
22,101022,干炸丸子,1,1,1.0,0,
23,101023,杏仁豆腐,1,1,1.0,0,
24,101024,老北京面茶,1,1,1.0,0,
25,101025,茶汤,1,1,1.0,0,
26,101026,狗不理包子,1,1,1.0,0,
27,101027,十八街麻花,1,1,1.0,0,
28,101028,耳朵眼炸糕,1,1,1.0,0,
29,101029,煎饼果子,1,1,1.0,0,
30,101030,锅巴菜,1,1,1.0,0,
31,101031,面茶,1,1,1.0,0,
32,101032,熟梨糕,1,1,1.0,0,
33,101033,糖炒栗子,1,1,1.0,0,
34,101034,贴饽饽熬小鱼,1,1,1.0,0,
35,101035,卷圈,1,1,1.0,0,
36,101036,罾蹦鲤鱼,1,1,1.0,0,
37,101037,八大碗,1,1,1.0,0,
38,101038,嘎巴菜,1,1,1.0,0,
39,101039,天津捞面,1,1,1.0,0,
40,101040,独流老醋,1,1,1.0,0,
41,101041,驴肉火烧,1,1,1.0,0,
42,101042,金毛狮子鱼,1,1,1.0,0,
43,101043,锅包肘子,1,1,1.0,0,
44,101044,柴沟堡熏肉,1,1,1.0,0,
45,101045,沧州火锅鸡,1,1,1.0,0,
46,101046,白肉罩火烧,1,1,1.0,0,
47,101047,正定崩肝,1,1,1.0,0,
48,101048,花椒肉,1,1,1.0,0,
49,101049,溜腰花,1,1,1.0,0,
50,101050,改刀肉,1,1,1.0,0,
51,101051,烧南北,1,1,1.0,0,
52,101052,承德凉粉,1,1,1.0,0,
53,101053,饹馇,1,1,1.0,0,
54,101054,宣化莜面,1,1,1.0,0,
55,101055,蔚县黄糕,1,1,1.0,0,
56,101056,唐山棋子烧饼,1,1,1.0,0,
57,101057,秦皇岛桲椤叶饼,1,1,1.0,0,
58,101058,邯郸拽面,1,1,1.0,0,
59,101059,曲周曲面,1,1,1.0,0,
60,101060,永年驴肉灌肠,1,1,1.0,0,
61,101061,保定白洋淀咸鸭蛋,1,1,1.0,0,
62,101062,廊坊香河肉饼,1,1,1.0,0,
63,101063,沧州羊肠汤,1,1,1.0,0,
64,101064,石家庄缸炉烧饼,1,1,1.0,0,
65,101065,平泉羊汤,1,1,1.0,0,
66,101066,保定牛肉罩饼,1,1,1.0,0,
67,101067,邯郸皮渣,1,1,1.0,0,
68,101068,承德杏仁露,1,1,1.0,0,
69,101069,保定槐茂酱菜,1,1,1.0,0,
70,101070,迁西板栗,1,1,1.0,0,
71,102001,刀削面,1,2,1.0,0,
72,102002,平遥牛肉,1,2,1.0,0,
73,102003,过油肉,1,2,1.0,0,
74,102004,碗托,1,2,1.0,0,
75,102005,栲栳栳,1,2,1.0,0,
76,102006,猫耳朵,1,2,1.0,0,
77,102007,剔尖,1,2,1.0,0,
78,102008,饸饹面,1,2,1.0,0,
79,102009,太谷饼,1,2,1.0,0,
80,102010,闻喜煮饼,1,2,1.0,0,
81,102011,太原头脑,1,2,1.0,0,
82,102012,羊杂割,1,2,1.0,0,
83,102013,浑源凉粉,1,2,1.0,0,
84,102014,黄米面炸糕,1,2,1.0,0,
85,102015,晋南醪糟,1,2,1.0,0,
86,102016,柳林碗团,1,2,1.0,0,
87,102017,沁州黄小米,1,2,1.0,0,
88,102018,平遥碗托子,1,2,1.0,0,
89,102019,大同羊杂,1,2,1.0,0,
90,102020,右玉熏鸡,1,2,1.0,0,
91,102021,定襄蒸肉,1,2,1.0,0,
92,102022,原平锅魁,1,2,1.0,0,
93,102023,清徐灌肠,1,2,1.0,0,
94,102024,潞城甩饼,1,2,1.0,0,
95,102025,汾阳核桃,1,2,1.0,0,
96,102026,德州扒鸡,1,2,1.0,0,
97,102027,九转大肠,1,2,1.0,0,
98,102028,糖醋鲤鱼,1,2,1.0,0,
99,102029,葱烧海参,1,2,1.0,0,
100,102030,油旋,1,2,1.0,0,
101,102031,济南把子肉,1,2,1.0,0,
102,102032,煎饼卷大葱,1,2,1.0,0,
103,102033,青岛大包,1,2,1.0,0,
104,102034,周村烧饼,1,2,1.0,0,
105,102035,单县羊汤,1,2,1.0,0,
106,102036,烟台焖子,1,2,1.0,0,
107,102037,潍坊朝天锅,1,2,1.0,0,
108,102038,博山酥锅,1,2,1.0,0,
109,102039,曲阜熏豆腐,1,2,1.0,0,
110,102040,泰山三美,1,2,1.0,0,
111,102041,临沂炒鸡,1,2,1.0,0,
112,102042,胶东鲅鱼饺子,1,2,1.0,0,
113,102043,淄博烧烤,1,2,1.0,0,
114,102044,菏泽壮馍,1,2,1.0,0,
115,102045,东阿阿胶,1,2,1.0,0,
116,102046,莱芜香肠,1,2,1.0,0,
117,102047,青岛啤酒,1,2,1.0,0,
118,102048,胡辣汤,1,2,1.0,0,
119,102049,烩面,1,2,1.0,0,
120,102050,灌汤包,1,2,1.0,0,
121,102051,道口烧鸡,1,2,1.0,0,
122,102052,洛阳水席,1,2,1.0,0,
123,102053,浆面条,1,2,1.0,0,
124,102054,开封炒凉粉,1,2,1.0,0,
125,102055,焖子,1,2,1.0,0,
126,102056,炸八块,1,2,1.0,0,
127,102057,桶子鸡,1,2,1.0,0,
128,102058,鲤鱼焙面,1,2,1.0,0,
129,102059,牡丹燕菜,1,2,1.0,0,
130,102060,芝麻烧饼,1,2,1.0,0,
131,102061,开封花生糕,1,2,1.0,0,
132,102062,信阳炖菜,1,2,1.0,0,
133,102063,逍遥镇胡辣汤,1,2,1.0,0,
134,102064,郑州烩面,1,2,1.0,0,
135,102065,安阳扁粉菜,1,2,1.0,0,
136,102066,濮阳壮馍,1,2,1.0,0,
137,102067,武涉油茶,1,2,1.0,0,
138,102068,洛阳牛肉汤,1,2,1.0,0,
139,102069,郏县饸饹面,1,2,1.0,0,
140,102070,信阳板鸭,1,2,1.0,0,
141,103001,锅包肉,1,3,1.0,0,
142,103002,小鸡炖蘑菇,1,3,1.0,0,
143,103003,猪肉炖粉条,1,3,1.0,0,
144,103004,地三鲜,1,3,1.0,0,
145,103005,酸菜白肉,1,3,1.0,0,
146,103006,溜肉段,1,3,1.0,0,
147,103007,雪绵豆沙,1,3,1.0,0,
148,103008,大连铁板鱿鱼,1,3,1.0,0,
149,103009,老边饺子,1,3,1.0,0,
150,103010,马家烧麦,1,3,1.0,0,
151,103011,沈阳回头,1,3,1.0,0,
152,103012,锦州烧烤,1,3,1.0,0,
153,103013,大连海凉粉,1,3,1.0,0,
154,103014,抚顺麻辣拌,1,3,1.0,0,
155,103015,本溪羊汤,1,3,1.0,0,
156,103016,沈阳鸡架,1,3,1.0,0,
157,103017,沟帮子熏鸡,1,3,1.0,0,
158,103018,海城馅饼,1,3,1.0,0,
159,103019,延吉冷面,1,3,1.0,0,
160,103020,石锅拌饭,1,3,1.0,0,
161,103021,打糕,1,3,1.0,0,
162,103022,辣白菜,1,3,1.0,0,
163,103023,米肠,1,3,1.0,0,
164,103024,清蒸白鱼,1,3,1.0,0,
165,103025,白肉血肠,1,3,1.0,0,
166,103026,庆岭活鱼,1,3,1.0,0,
167,103027,煎粉,1,3,1.0,0,
168,103028,长春蹄花丝,1,3,1.0,0,
169,103029,李连贵熏肉大饼,1,3,1.0,0,
170,103030,四平熏兔,1,3,1.0,0,
171,103031,吉林黏豆包,1,3,1.0,0,
172,103032,松原炒米,1,3,1.0,0,
173,103033,通化葡萄酒,1,3,1.0,0,
174,103034,得莫利炖鱼,1,3,1.0,0,
175,103035,杀猪菜,1,3,1.0,0,
176,103036,大列巴,1,3,1.0,0,
177,103037,红肠,1,3,1.0,0,
178,103038,格瓦斯,1,3,1.0,0,
179,103039,哈尔滨熏鸡,1,3,1.0,0,
180,103040,扒猪脸,1,3,1.0,0,
181,103041,松仁小肚,1,3,1.0,0,
182,103042,大庆坑烤,1,3,1.0,0,
183,103043,齐齐哈尔烤肉,1,3,1.0,0,
184,103044,牡丹江朝鲜冷面,1,3,1.0,0,
185,103045,鸡西冷面,1,3,1.0,0,
186,103046,同江生鱼片,1,3,1.0,0,
187,103047,伊春蓝莓,1,3,1.0,0,
188,103048,五常大米,1,3,1.0,0,
189,103049,马迭尔冰棍,1,3,1.0,0,
190,103050,东北乱炖,1,3,1.0,0,
191,103051,手把肉,1,3,1.0,0,
192,103052,烤全羊,1,3,1.0,0,
193,103053,涮羊肉,1,3,1.0,0,
194,103054,莜面窝窝,1,3,1.0,0,
195,103055,奶茶,1,3,1.0,0,
196,103056,奶豆腐,1,3,1.0,0,
197,103057,风干牛肉,1,3,1.0,0,
198,103058,羊血肠,1,3,1.0,0,
199,103059,炒米,1,3,1.0,0,
200,103060,酸奶饼,1,3,1.0,0,
201,103061,蒙古馅饼,1,3,1.0,0,
202,103062,呼伦贝尔烤肉,1,3,1.0,0,
203,103063,卓资山熏鸡,1,3,1.0,0,
204,103064,赤峰对夹,1,3,1.0,0,
205,103065,通辽荞面饸饹,1,3,1.0,0,
206,103066,油炸糕,1,3,1.0,0,
207,103067,锡盟黄油,1,3,1.0,0,
208,103068,草原白蘑,1,3,1.0,0,
209,104001,盐水鸭,1,4,1.0,0,
210,104002,鸭血粉丝汤,1,4,1.0,0,
211,104003,蟹黄汤包,1,4,1.0,0,
212,104004,松鼠鳜鱼,1,4,1.0,0,
213,104005,清炖蟹粉狮子头,1,4,1.0,0,
214,104006,大煮干丝,1,4,1.0,0,
215,104007,扬州炒饭,1,4,1.0,0,
216,104008,镇江锅盖面,1,4,1.0,0,
217,104009,三丁包子,1,4,1.0,0,
218,104010,千层油糕,1,4,1.0,0,
219,104011,黄桥烧饼,1,4,1.0,0,
220,104012,无锡排骨,1,4,1.0,0,
221,104013,太湖三白,1,4,1.0,0,
222,104014,奥灶面,1,4,1.0,0,
223,104015,阳澄湖大闸蟹,1,4,1.0,0,
224,104016,藏书羊肉,1,4,1.0,0,
225,104017,常熟叫花鸡,1,4,1.0,0,
226,104018,徐州地锅鸡,1,4,1.0,0,
227,104019,盱眙龙虾,1,4,1.0,0,
228,104020,淮安软兜长鱼,1,4,1.0,0,
229,104021,南京牛肉锅贴,1,4,1.0,0,
230,104022,苏州糖粥,1,4,1.0,0,
231,104023,东坡肉,1,4,1.0,0,
232,104024,龙井虾仁,1,4,1.0,0,
233,104025,西湖醋鱼,1,4,1.0,0,
234,104026,叫花鸡,1,4,1.0,0,
235,104027,片儿川,1,4,1.0,0,
236,104028,宁波汤圆,1,4,1.0,0,
237,104029,嘉兴粽子,1,4,1.0,0,
238,104030,绍兴臭豆腐,1,4,1.0,0,
239,104031,金华火腿,1,4,1.0,0,
240,104032,温州鱼丸,1,4,1.0,0,
241,104033,葱包桧,1,4,1.0,0,
242,104034,定胜糕,1,4,1.0,0,
243,104035,吴山酥油饼,1,4,1.0,0,
244,104036,衢州鸭头,1,4,1.0,0,
245,104037,舟山带鱼,1,4,1.0,0,
246,104038,奉化芋头,1,4,1.0,0,
247,104039,安吉白茶,1,4,1.0,0,
248,104040,嵊州小笼包,1,4,1.0,0,
249,104041,台州麦虾,1,4,1.0,0,
250,104042,丽水缙云烧饼,1,4,1.0,0,
251,104043,小笼包,1,4,1.0,0,
252,104044,生煎包,1,4,1.0,0,
253,104045,葱油拌面,1,4,1.0,0,
254,104046,白斩鸡,1,4,1.0,0,
255,104047,八宝鸭,1,4,1.0,0,
256,104048,油墩子,1,4,1.0,0,
257,104049,排骨年糕,1,4,1.0,0,
258,104050,蟹壳黄,1,4,1.0,0,
259,104051,开洋葱油面,1,4,1.0,0,
260,104052,糟钵头,1,4,1.0,0,
261,104053,红烧肉,1,4,1.0,0,
262,104054,酱鸭,1,4,1.0,0,
263,104055,四喜烤麸,1,4,1.0,0,
264,104056,腌笃鲜,1,4,1.0,0,
265,104057,八宝饭,1,4,1.0,0,
266,104058,臭鳜鱼,1,4,1.0,0,
267,104059,毛豆腐,1,4,1.0,0,
268,104060,李鸿章大杂烩,1,4,1.0,0,
269,104061,符离集烧鸡,1,4,1.0,0,
270,104062,胡适一品锅,1,4,1.0,0,
271,104063,问政山笋,1,4,1.0,0,
272,104064,刀板香,1,4,1.0,0,
273,104065,吴山贡鹅,1,4,1.0,0,
274,104066,三河米饺,1,4,1.0,0,
275,104067,淮南牛肉汤,1,4,1.0,0,
276,104068,阜阳格拉条,1,4,1.0,0,
277,104069,太和板面,1,4,1.0,0,
278,104070,无为熏鸭,1,4,1.0,0,
279,104071,巢湖银鱼,1,4,1.0,0,
280,104072,黄山烧饼,1,4,1.0,0,
281,104073,亳州牛肉馍,1,4,1.0,0,
282,104074,安庆鸡汤泡炒米,1,4,1.0,0,
283,104075,宿州撒汤,1,4,1.0,0,
284,105001,火锅,1,5,1.0,0,
285,105002,回锅肉,1,5,1.0,0,
286,105003,宫保鸡丁,1,5,1.0,0,
287,105004,麻婆豆腐,1,5,1.0,0,
288,105005,担担面,1,5,1.0,0,
289,105006,夫妻肺片,1,5,1.0,0,
290,105007,水煮鱼,1,5,1.0,0,
291,105008,口水鸡,1,5,1.0,0,
292,105009,龙抄手,1,5,1.0,0,
293,105010,钟水饺,1,5,1.0,0,
294,105011,赖汤圆,1,5,1.0,0,
295,105012,钵钵鸡,1,5,1.0,0,
296,105013,甜水面,1,5,1.0,0,
297,105014,宜宾燃面,1,5,1.0,0,
298,105015,军屯锅盔,1,5,1.0,0,
299,105016,老妈蹄花,1,5,1.0,0,
300,105017,冒菜,1,5,1.0,0,
301,105018,乐山跷脚牛肉,1,5,1.0,0,
302,105019,甜皮鸭,1,5,1.0,0,
303,105020,灯影牛肉,1,5,1.0,0,
304,105021,自贡冷吃兔,1,5,1.0,0,
305,105022,川北凉粉,1,5,1.0,0,
306,105023,重庆火锅,1,5,1.0,0,
307,105024,小面,1,5,1.0,0,
308,105025,酸辣粉,1,5,1.0,0,
309,105026,毛血旺,1,5,1.0,0,
310,105027,辣子鸡,1,5,1.0,0,
311,105028,黔江鸡杂,1,5,1.0,0,
312,105029,万州烤鱼,1,5,1.0,0,
313,105030,合川桃片,1,5,1.0,0,
314,105031,江津米花糖,1,5,1.0,0,
315,105032,磁器口麻花,1,5,1.0,0,
316,105033,奉节脐橙,1,5,1.0,0,
317,105034,涪陵榨菜,1,5,1.0,0,
318,105035,泉水鸡,1,5,1.0,0,
319,105036,重庆抄手,1,5,1.0,0,
320,105037,酸汤鱼,1,5,1.0,0,
321,105038,肠旺面,1,5,1.0,0,
322,105039,丝娃娃,1,5,1.0,0,
323,105040,花溪牛肉粉,1,5,1.0,0,
324,105041,糯米饭,1,5,1.0,0,
325,105042,豆米火锅,1,5,1.0,0,
326,105043,恋爱豆腐果,1,5,1.0,0,
327,105044,雷家豆腐圆子,1,5,1.0,0,
328,105045,遵义务川羊肉粉,1,5,1.0,0,
329,105046,安顺裹卷,1,5,1.0,0,
330,105047,兴义刷把头,1,5,1.0,0,
331,105048,赤水竹笋,1,5,1.0,0,
332,105049,毕节汤圆,1,5,1.0,0,
333,105050,贵阳辣子鸡,1,5,1.0,0,
334,105051,青岩猪脚,1,5,1.0,0,
335,105052,烙锅,1,5,1.0,0,
336,105053,黔东南牛瘪,1,5,1.0,0,
337,105054,安龙剪粉,1,5,1.0,0,
338,105055,过桥米线,1,5,1.0,0,
339,105056,气锅鸡,1,5,1.0,0,
340,105057,宣威火腿,1,5,1.0,0,
341,105058,大理砂锅鱼,1,5,1.0,0,
342,105059,腾冲大救驾,1,5,1.0,0,
343,105060,乳扇,1,5,1.0,0,
344,105061,饵块,1,5,1.0,0,
345,105062,烤饵块,1,5,1.0,0,
346,105063,建水烧豆腐,1,5,1.0,0,
347,105064,蒙自年糕,1,5,1.0,0,
348,105065,石屏豆腐,1,5,1.0,0,
349,105066,傣味烤鱼,1,5,1.0,0,
350,105067,云南野生菌,1,5,1.0,0,
351,105068,曲靖蒸饵丝,1,5,1.0,0,
352,105069,丽江粑粑,1,5,1.0,0,
353,105070,泸西烤洋芋,1,5,1.0,0,
354,105071,临沧佤族鸡肉烂饭,1,5,1.0,0,
355,105072,西双版纳菠萝饭,1,5,1.0,0,
356,105073,普洱鸡豆腐,1,5,1.0,0,
357,105074,昭通天麻炖鸡,1,5,1.0,0,
358,105075,香茅草烤鱼,1,5,1.0,0,
359,106001,剁椒鱼头,1,6,1.0,0,
360,106002,臭豆腐,1,6,1.0,0,
361,106003,毛氏红烧肉,1,6,1.0,0,
362,106004,口味虾,1,6,1.0,0,
363,106005,姊妹团子,1,6,1.0,0,
364,106006,糖油粑粑,1,6,1.0,0,
365,106007,辣椒炒肉,1,6,1.0,0,
366,106008,东安鸡,1,6,1.0,0,
367,106009,永州血鸭,1,6,1.0,0,
368,106010,湘西外婆菜,1,6,1.0,0,
369,106011,岳阳洞庭银鱼,1,6,1.0,0,
370,106012,常德米粉,1,6,1.0,0,
371,106013,攸县香干,1,6,1.0,0,
372,106014,长沙米粉,1,6,1.0,0,
373,106015,邵阳猪血丸子,1,6,1.0,0,
374,106016,衡阳鱼粉,1,6,1.0,0,
375,106017,平江酱干,1,6,1.0,0,
376,106018,浏阳蒸菜,1,6,1.0,0,
377,106019,安化擂茶,1,6,1.0,0,
378,106020,酱油拌饭,1,6,1.0,0,
379,106021,怀化芷江鸭,1,6,1.0,0,
380,106022,凤凰姜糖,1,6,1.0,0,
381,106023,益阳松花皮蛋,1,6,1.0,0,
382,106024,腊味合蒸,1,6,1.0,0,
383,106025,沅江芦笋,1,6,1.0,0,
384,106026,南昌拌粉,1,6,1.0,0,
385,106027,瓦罐汤,1,6,1.0,0,
386,106028,藜蒿炒腊肉,1,6,1.0,0,
387,106029,三杯鸡,1,6,1.0,0,
388,106030,井冈山烟笋,1,6,1.0,0,
389,106031,粉蒸肉,1,6,1.0,0,
390,106032,白糖糕,1,6,1.0,0,
391,106033,炒米粉,1,6,1.0,0,
392,106034,九江茶饼,1,6,1.0,0,
393,106035,婺源汽锅鸡,1,6,1.0,0,
394,106036,莲花血鸭,1,6,1.0,0,
395,106037,萍乡小炒肉,1,6,1.0,0,
396,106038,南昌炒粉,1,6,1.0,0,
397,106039,余干辣椒,1,6,1.0,0,
398,106040,弋阳年糕,1,6,1.0,0,
399,106041,铅山烫粉,1,6,1.0,0,
400,106042,瑞金牛肉汤,1,6,1.0,0,
401,106043,景德镇碱水粑,1,6,1.0,0,
402,106044,安福火腿,1,6,1.0,0,
403,106045,南丰蜜桔,1,6,1.0,0,
404,106046,新余米粉,1,6,1.0,0,
405,106047,清明果,1,6,1.0,0,
406,106048,热干面,1,6,1.0,0,
407,106049,豆皮,1,6,1.0,0,
408,106050,鸭脖,1,6,1.0,0,
409,106051,武昌鱼,1,6,1.0,0,
410,106052,排骨藕汤,1,6,1.0,0,
411,106053,面窝,1,6,1.0,0,
412,106054,鱼糊汤粉,1,6,1.0,0,
413,106055,欢喜坨,1,6,1.0,0,
414,106056,糯米鸡,1,6,1.0,0,
415,106057,孝感麻糖,1,6,1.0,0,
416,106058,冲菜,1,6,1.0,0,
417,106059,襄阳牛肉面,1,6,1.0,0,
418,106060,荆州鱼糕,1,6,1.0,0,
419,106061,石首笔架鱼肚,1,6,1.0,0,
420,106062,黄州东坡肉,1,6,1.0,0,
421,106063,沔阳三蒸,1,6,1.0,0,
422,106064,云梦鱼面,1,6,1.0,0,
423,106065,洪湖莲藕,1,6,1.0,0,
424,106066,武汉小龙虾,1,6,1.0,0,
425,106067,宜昌凉虾,1,6,1.0,0,
426,106068,钟祥蟠龙菜,1,6,1.0,0,
427,106069,恩施熏肉,1,6,1.0,0,
428,106070,郧阳三合汤,1,6,1.0,0,
429,107001,叉烧饭,1,7,1.0,0,
430,107002,云吞面,1,7,1.0,0,
431,107003,菠萝包,1,7,1.0,0,
432,107004,丝袜奶茶,1,7,1.0,0,
433,107005,咖喱鱼蛋,1,7,1.0,0,
434,107006,鸡蛋仔,1,7,1.0,0,
435,107007,煲仔饭,1,7,1.0,0,
436,107008,避风塘炒蟹,1,7,1.0,0,
437,107009,车仔面,1,7,1.0,0,
438,107010,碗仔翅,1,7,1.0,0,
439,107011,烧鹅,1,7,1.0,0,
440,107012,西多士,1,7,1.0,0,
441,107013,葡式蛋挞,1,7,1.0,0,
442,107014,猪扒包,1,7,1.0,0,
443,107015,水蟹粥,1,7,1.0,0,
444,107016,马介休球,1,7,1.0,0,
445,107017,木糠布丁,1,7,1.0,0,
446,107018,非洲鸡,1,7,1.0,0,
447,107019,澳门杏仁饼,1,7,1.0,0,
448,107020,大菜糕,1,7,1.0,0,
449,107021,葡国鸡,1,7,1.0,0,
450,107022,牛杂,1,7,1.0,0,
451,107023,免治牛肉,1,7,1.0,0,
452,107024,蚵仔煎,1,7,1.0,0,
453,107025,卤肉饭,1,7,1.0,0,
454,107026,牛肉面,1,7,1.0,0,
455,107027,珍珠奶茶,1,7,1.0,0,
456,107028,凤梨酥,1,7,1.0,0,
457,107029,盐酥鸡,1,7,1.0,0,
458,107030,大肠包小肠,1,7,1.0,0,
459,107031,棺材板,1,7,1.0,0,
460,107032,鼎泰丰小笼包,1,7,1.0,0,
461,107033,阿宗面线,1,7,1.0,0,
462,107034,甜不辣,1,7,1.0,0,
463,107035,台南碗粿,1,7,1.0,0,
464,108001,白切鸡,1,8,1.0,0,
465,108002,煲仔饭,1,8,1.0,0,
466,108003,肠粉,1,8,1.0,0,
467,108004,叉烧,1,8,1.0,0,
468,108005,虾饺,1,8,1.0,0,
469,108006,烧鹅,1,8,1.0,0,
470,108007,云吞面,1,8,1.0,0,
471,108008,双皮奶,1,8,1.0,0,
472,108009,艇仔粥,1,8,1.0,0,
473,108010,豉汁凤爪,1,8,1.0,0,
474,108011,沙河粉,1,8,1.0,0,
475,108012,梅菜扣肉,1,8,1.0,0,
476,108013,客家酿豆腐,1,8,1.0,0,
477,108014,牛肉丸,1,8,1.0,0,
478,108015,蚝烙,1,8,1.0,0,
479,108016,猪脚饭,1,8,1.0,0,
480,108017,隆江猪脚饭,1,8,1.0,0,
481,108018,牛杂,1,8,1.0,0,
482,108019,老火靓汤,1,8,1.0,0,
483,108020,盐焗鸡,1,8,1.0,0,
484,108021,广式月饼,1,8,1.0,0,
485,108022,螺蛳粉,1,8,1.0,0,
486,108023,桂林米粉,1,8,1.0,0,
487,108024,老友粉,1,8,1.0,0,
488,108025,酸野,1,8,1.0,0,
489,108026,柠檬鸭,1,8,1.0,0,
490,108027,梧州龟苓膏,1,8,1.0,0,
491,108028,巴马香猪,1,8,1.0,0,
492,108029,玉林牛巴,1,8,1.0,0,
493,108030,荔浦芋扣肉,1,8,1.0,0,
494,108031,柳州酿豆腐,1,8,1.0,0,
495,108032,横县鱼生,1,8,1.0,0,
496,108033,恭城油茶,1,8,1.0,0,
497,108034,全州醋血鸭,1,8,1.0,0,
498,108035,阳朔啤酒鱼,1,8,1.0,0,
499,108036,钦州大蚝,1,8,1.0,0,
500,108037,北海沙虫,1,8,1.0,0,
501,108038,防城港卷粉,1,8,1.0,0,
502,108039,贵港藕粉,1,8,1.0,0,
503,108040,田东芒果,1,8,1.0,0,
504,108041,容县沙田柚,1,8,1.0,0,
505,108042,文昌鸡,1,8,1.0,0,
506,108043,加积鸭,1,8,1.0,0,
507,108044,和乐蟹,1,8,1.0,0,
508,108045,东山羊,1,8,1.0,0,
509,108046,清补凉,1,8,1.0,0,
510,108047,海南粉,1,8,1.0,0,
511,108048,抱罗粉,1,8,1.0,0,
512,108049,椰子饭,1,8,1.0,0,
513,108050,竹筒饭,1,8,1.0,0,
514,108051,临高烤乳猪,1,8,1.0,0,
515,108052,陵水酸粉,1,8,1.0,0,
516,108053,鸡屎藤粑仔,1,8,1.0,0,
517,108054,海南鸡饭,1,8,1.0,0,
518,108055,热带水果,1,8,1.0,0,
519,108056,椰丝糯米粑,1,8,1.0,0,
520,108057,佛跳墙,1,8,1.0,0,
521,108058,沙茶面,1,8,1.0,0,
522,108059,土笋冻,1,8,1.0,0,
523,108060,海蛎煎,1,8,1.0,0,
524,108061,鱼丸,1,8,1.0,0,
525,108062,肉燕,1,8,1.0,0,
526,108063,沙县小吃,1,8,1.0,0,
527,108064,福州锅边糊,1,8,1.0,0,
528,108065,闽南润饼,1,8,1.0,0,
529,108066,泉州烧肉粽,1,8,1.0,0,
530,108067,同安封肉,1,8,1.0,0,
531,108068,莆田卤面,1,8,1.0,0,
532,108069,宁德鱼面,1,8,1.0,0,
533,108070,厦门薄饼,1,8,1.0,0,
534,108071,漳州卤面,1,8,1.0,0,
535,108072,龙岩芋子包,1,8,1.0,0,
536,108073,福州鱼丸,1,8,1.0,0,
537,108074,闽北光饼,1,8,1.0,0,
538,109001,肉夹馍,1,9,1.0,0,
539,109002,羊肉泡馍,1,9,1.0,0,
540,109003,凉皮,1,9,1.0,0,
541,109004,臊子面,1,9,1.0,0,
542,109005,biangbiang面,1,9,1.0,0,
543,109006,油泼面,1,9,1.0,0,
544,109007,葫芦头,1,9,1.0,0,
545,109008,贾三灌汤包,1,9,1.0,0,
546,109009,甑糕,1,9,1.0,0,
547,109010,柿子饼,1,9,1.0,0,
548,109011,锅盔,1,9,1.0,0,
549,109012,岐山臊子面,1,9,1.0,0,
550,109013,宝鸡擀面皮,1,9,1.0,0,
551,109014,汉中米皮,1,9,1.0,0,
552,109015,水盆羊肉,1,9,1.0,0,
553,109016,澄城水盆,1,9,1.0,0,
554,109017,菠菜面,1,9,1.0,0,
555,109018,长安葫芦鸡,1,9,1.0,0,
556,109019,三原蓼花糖,1,9,1.0,0,
557,109020,咸阳汇通面,1,9,1.0,0,
558,109021,安康蒸面,1,9,1.0,0,
559,109022,榆林羊杂碎,1,9,1.0,0,
560,109023,延安糜子酒,1,9,1.0,0,
561,109024,潼关肉夹馍,1,9,1.0,0,
562,109025,陕西八大碗,1,9,1.0,0,
563,109026,兰州拉面,1,9,1.0,0,
564,109027,手抓羊肉,1,9,1.0,0,
565,109028,酿皮,1,9,1.0,0,
566,109029,灰豆子,1,9,1.0,0,
567,109030,甜醅子,1,9,1.0,0,
568,109031,牛奶鸡蛋醪糟,1,9,1.0,0,
569,109032,浆水面,1,9,1.0,0,
570,109033,天水呱呱,1,9,1.0,0,
571,109034,陇西腊肉,1,9,1.0,0,
572,109035,静宁烧鸡,1,9,1.0,0,
573,109036,靖远羊羔肉,1,9,1.0,0,
574,109037,东乡土豆片,1,9,1.0,0,
575,109038,嘉峪关烤肉,1,9,1.0,0,
576,109039,敦煌驴肉黄面,1,9,1.0,0,
577,109040,泡儿油糕,1,9,1.0,0,
578,109041,张掖搓鱼面,1,9,1.0,0,
579,109042,武威三套车,1,9,1.0,0,
580,109043,庆阳饸饹面,1,9,1.0,0,
581,109044,河州包子,1,9,1.0,0,
582,109045,临夏锅盔,1,9,1.0,0,
583,109046,白银酸烂肉,1,9,1.0,0,
584,109047,甘南牦牛肉,1,9,1.0,0,
585,109048,羊肉臊子面,1,9,1.0,0,
586,109049,羊杂碎,1,9,1.0,0,
587,109050,贺兰山蘑菇炖鸡,1,9,1.0,0,
588,109051,中卫蒿子面,1,9,1.0,0,
589,109052,黄河鲤鱼,1,9,1.0,0,
590,109053,吴忠白水羊头,1,9,1.0,0,
591,109054,烩小吃,1,9,1.0,0,
592,109055,银川辣糊糊,1,9,1.0,0,
593,109056,固原羊羔头,1,9,1.0,0,
594,109057,凉拌沙葱,1,9,1.0,0,
595,109058,枸杞,1,9,1.0,0,
596,109059,吴忠烩肉,1,9,1.0,0,
597,109060,盐池滩羊,1,9,1.0,0,
598,109061,灵武长枣,1,9,1.0,0,
599,109062,西吉粉条,1,9,1.0,0,
600,109063,同心圆枣,1,9,1.0,0,
601,109064,石嘴山大武口凉皮,1,9,1.0,0,
602,110001,大盘鸡,1,10,1.0,0,
603,110002,烤羊肉串,1,10,1.0,0,
604,110003,囊,1,10,1.0,0,
605,110004,手抓饭,1,10,1.0,0,
606,110005,拉条子,1,10,1.0,0,
607,110006,烤包子,1,10,1.0,0,
608,110007,胡辣羊蹄,1,10,1.0,0,
609,110008,拌面,1,10,1.0,0,
610,110009,大盘肚,1,10,1.0,0,
611,110010,椒麻鸡,1,10,1.0,0,
612,110011,纳仁,1,10,1.0,0,
613,110012,马肠子,1,10,1.0,0,
614,110013,粉汤,1,10,1.0,0,
615,110014,油塔子,1,10,1.0,0,
616,110015,酸奶,1,10,1.0,0,
617,110016,吐鲁番葡萄,1,10,1.0,0,
618,110017,哈密瓜,1,10,1.0,0,
619,110018,库尔勒香梨,1,10,1.0,0,
620,110019,阿克苏苹果,1,10,1.0,0,
621,110020,喀什石榴,1,10,1.0,0,
622,110021,薄皮包子,1,10,1.0,0,
623,110022,曲曲,1,10,1.0,0,
624,110023,尕面片,1,10,1.0,0,
625,110024,甜醅,1,10,1.0,0,
626,110025,青海老酸奶,1,10,1.0,0,
627,110026,手抓羊肉,1,10,1.0,0,
628,110027,炮仗面,1,10,1.0,0,
629,110028,羊肠面,1,10,1.0,0,
630,110029,牦牛肉干,1,10,1.0,0,
631,110030,青海奶皮,1,10,1.0,0,
632,110031,酿皮,1,10,1.0,0,
633,110032,青稞饼,1,10,1.0,0,
634,110033,祁连黄菇,1,10,1.0,0,
635,110034,柴达木枸杞,1,10,1.0,0,
636,110035,青海三烧,1,10,1.0,0,
637,110036,筏子,1,10,1.0,0,
638,110037,门源奶皮,1,10,1.0,0,
639,110038,循化线辣椒,1,10,1.0,0,
640,110039,酥油茶,1,10,1.0,0,
641,110040,糌粑,1,10,1.0,0,
642,110041,牦牛肉,1,10,1.0,0,
643,110042,藏面,1,10,1.0,0,
644,110043,甜茶,1,10,1.0,0,
645,110044,青稞酒,1,10,1.0,0,
646,110045,风干牦牛肉,1,10,1.0,0,
647,110046,人参果饭,1,10,1.0,0,
648,110047,酸奶米饭,1,10,1.0,0,
649,110048,奶渣,1,10,1.0,0,
650,110049,藏式血肠,1,10,1.0,0,
651,110050,糌粑肉粥,1,10,1.0,0,
652,110051,虫草炖鸡,1,10,1.0,0,
653,110052,鲁朗石锅鸡,1,10,1.0,0,
654,110053,藏香猪,1,10,1.0,0,
655,201001,开天辟地,2,1,1.0,0,
656,201002,补天浴日,2,1,1.0,0,
657,201003,夸父追日,2,1,1.0,0,
658,201004,精卫填海,2,1,1.0,0,
659,201005,后羿射日,2,1,1.0,0,
660,201006,嫦娥奔月,2,1,1.0,0,
661,201007,过门不入,2,1,1.0,0,
662,201008,八仙过海,2,1,1.0,0,
663,201009,画龙点睛,2,1,1.0,0,
664,201010,天衣无缝,2,1,1.0,0,
665,201011,腾云驾雾,2,1,1.0,0,
666,201012,点石成金,2,1,1.0,0,
667,201013,返老还童,2,1,1.0,0,
668,201014,移山倒海,2,1,1.0,0,
669,201015,呼风唤雨,2,1,1.0,0,
670,201016,神出鬼没,2,1,1.0,0,
671,201017,鬼斧神工,2,1,1.0,0,
672,201018,麻姑献寿,2,1,1.0,0,
673,201019,羽化登仙,2,1,1.0,0,
674,201020,炼石补天,2,1,1.0,0,
675,201021,顶天立地,2,1,1.0,0,
676,201022,龙凤呈祥,2,1,1.0,0,
677,201023,龙飞凤舞,2,1,1.0,0,
678,201024,龙马精神,2,1,1.0,0,
679,201025,乘龙快婿,2,1,1.0,0,
680,201026,鹊桥相会,2,1,1.0,0,
681,201027,吴刚伐桂,2,1,1.0,0,
682,201028,蟾宫折桂,2,1,1.0,0,
683,201029,福如东海,2,1,1.0,0,
684,201030,寿比南山,2,1,1.0,0,
685,201031,沧海桑田,2,1,1.0,0,
686,201032,烂柯忘归,2,1,1.0,0,
687,201033,三头六臂,2,1,1.0,0,
688,201034,火眼金睛,2,1,1.0,0,
689,201035,千变万化,2,1,1.0,0,
690,201036,攀龙附凤,2,1,1.0,0,
691,201037,潜龙在渊,2,1,1.0,0,
692,201038,仙风道骨,2,1,1.0,0,
693,201039,飘飘欲仙,2,1,1.0,0,
694,201040,海市蜃楼,2,1,1.0,0,
695,201041,金风玉露,2,1,1.0,0,
696,201042,牛郎织女,2,1,1.0,0,
697,201043,金乌玉兔,2,1,1.0,0,
698,201044,日月参商,2,1,1.0,0,
699,201045,云开见日,2,1,1.0,0,
700,201046,拨云见日,2,1,1.0,0,
701,201047,电闪雷鸣,2,1,1.0,0,
702,201048,风驰电掣,2,1,1.0,0,
703,201049,雷厉风行,2,1,1.0,0,
704,201050,龙争虎斗,2,1,1.0,0,
705,201051,龙潭虎穴,2,1,1.0,0,
706,201052,如虎添翼,2,1,1.0,0,
707,201053,凤鸣朝阳,2,1,1.0,0,
708,201054,麒麟之才,2,1,1.0,0,
709,201055,东床坦腹,2,1,1.0,0,
710,201056,混沌初开,2,1,1.0,0,
711,201057,天地玄黄,2,1,1.0,0,
712,201058,伏羲画卦,2,1,1.0,0,
713,201059,真龙天子,2,1,1.0,0,
714,201060,天神地祇,2,1,1.0,0,
715,201061,天罗地网,2,1,1.0,0,
716,201062,天花乱坠,2,1,1.0,0,
717,201063,天外有天,2,1,1.0,0,
718,201064,天上人间,2,1,1.0,0,
719,201065,琼楼玉宇,2,1,1.0,0,
720,201066,玉宇琼楼,2,1,1.0,0,
721,201067,玉兔东升,2,1,1.0,0,
722,201068,共工触山,2,1,1.0,0,
723,201069,女娲炼石,2,1,1.0,0,
724,201070,三皇五帝,2,1,1.0,0,
725,201071,吞云吐雾,2,1,1.0,0,
726,201072,驾鹤西去,2,1,1.0,0,
727,201073,海外奇谈,2,1,1.0,0,
728,201074,龙游浅水,2,1,1.0,0,
729,201075,虎踞龙盘,2,1,1.0,0,
730,201076,龙盘虎踞,2,1,1.0,0,
731,201077,龙腾虎跃,2,1,1.0,0,
732,201078,虎啸龙吟,2,1,1.0,0,
733,201079,风云际会,2,1,1.0,0,
734,201080,风云变幻,2,1,1.0,0,
735,201081,银汉无声,2,1,1.0,0,
736,201082,瑶池西望,2,1,1.0,0,
737,201083,月里嫦娥,2,1,1.0,0,
738,201084,金乌西坠,2,1,1.0,0,
739,201085,扶桑日出,2,1,1.0,0,
740,201086,天倾西北,2,1,1.0,0,
741,201087,地陷东南,2,1,1.0,0,
742,201088,真命天子,2,1,1.0,0,
743,201089,龙颜大悦,2,1,1.0,0,
744,201090,雷霆万钧,2,1,1.0,0,
745,201091,龙生九子,2,1,1.0,0,
746,201092,龙章凤姿,2,1,1.0,0,
747,201093,大闹天宫,2,1,1.0,0,
748,201094,七十二变,2,1,1.0,0,
749,201095,齐天大圣,2,1,1.0,0,
750,201096,天兵天将,2,1,1.0,0,
751,201097,巫山云雨,2,1,1.0,0,
752,201098,腾蛟起凤,2,1,1.0,0,
753,201099,风虎云龙,2,1,1.0,0,
754,201100,龙虎风云,2,1,1.0,0,
755,202001,守株待兔,2,2,1.0,0,
756,202002,刻舟求剑,2,2,1.0,0,
757,202003,掩耳盗铃,2,2,1.0,0,
758,202004,揠苗助长,2,2,1.0,0,
759,202005,亡羊补牢,2,2,1.0,0,
760,202006,对牛弹琴,2,2,1.0,0,
761,202007,井底之蛙,2,2,1.0,0,
762,202008,狐假虎威,2,2,1.0,0,
763,202009,叶公好龙,2,2,1.0,0,
764,202010,滥竽充数,2,2,1.0,0,
765,202011,自相矛盾,2,2,1.0,0,
766,202012,买椟还珠,2,2,1.0,0,
767,202013,郑人买履,2,2,1.0,0,
768,202014,邯郸学步,2,2,1.0,0,
769,202015,东施效颦,2,2,1.0,0,
770,202016,南辕北辙,2,2,1.0,0,
771,202017,杯弓蛇影,2,2,1.0,0,
772,202018,画蛇添足,2,2,1.0,0,
773,202019,鹬蚌相争,2,2,1.0,0,
774,202020,螳螂捕蝉,2,2,1.0,0,
775,202021,愚公移山,2,2,1.0,0,
776,202022,杞人忧天,2,2,1.0,0,
777,202023,朝三暮四,2,2,1.0,0,
778,202024,盲人摸象,2,2,1.0,0,
779,202025,囫囵吞枣,2,2,1.0,0,
780,202026,坐井观天,2,2,1.0,0,
781,202027,黔驴技穷,2,2,1.0,0,
782,202028,因噎废食,2,2,1.0,0,
783,202029,按图索骥,2,2,1.0,0,
784,202030,削足适履,2,2,1.0,0,
785,202031,缘木求鱼,2,2,1.0,0,
786,202032,抱薪救火,2,2,1.0,0,
787,202033,饮鸩止渴,2,2,1.0,0,
788,202034,塞翁失马,2,2,1.0,0,
789,202035,三人成虎,2,2,1.0,0,
790,202036,一叶障目,2,2,1.0,0,
791,202037,夜郎自大,2,2,1.0,0,
792,202038,狗尾续貂,2,2,1.0,0,
793,202039,狼子野心,2,2,1.0,0,
794,202040,惊弓之鸟,2,2,1.0,0,
795,202041,鸡犬升天,2,2,1.0,0,
796,202042,鸡鸣狗盗,2,2,1.0,0,
797,202043,投鼠忌器,2,2,1.0,0,
798,202044,唇亡齿寒,2,2,1.0,0,
799,202045,辅车相依,2,2,1.0,0,
800,202046,鱼游釜中,2,2,1.0,0,
801,202047,笼中之鸟,2,2,1.0,0,
802,202048,瓮中之鳖,2,2,1.0,0,
803,202049,涸辙之鲋,2,2,1.0,0,
804,202050,临渊羡鱼,2,2,1.0,0,
805,202051,水滴石穿,2,2,1.0,0,
806,202052,铁杵成针,2,2,1.0,0,
807,202053,孟母三迁,2,2,1.0,0,
808,202054,断机教子,2,2,1.0,0,
809,202055,以卵击石,2,2,1.0,0,
810,202056,班门弄斧,2,2,1.0,0,
811,202057,贻笑大方,2,2,1.0,0,
812,202058,疑邻盗斧,2,2,1.0,0,
813,202059,曲高和寡,2,2,1.0,0,
814,202060,越俎代庖,2,2,1.0,0,
815,202061,庖丁解牛,2,2,1.0,0,
816,202062,螳臂当车,2,2,1.0,0,
817,202063,目无全牛,2,2,1.0,0,
818,202064,游刃有余,2,2,1.0,0,
819,202065,梁上君子,2,2,1.0,0,
820,202066,道听途说,2,2,1.0,0,
821,202067,歧路亡羊,2,2,1.0,0,
822,202068,画饼充饥,2,2,1.0,0,
823,202069,望洋兴叹,2,2,1.0,0,
824,202070,狐朋狗友,2,2,1.0,0,
825,202071,狼狈为奸,2,2,1.0,0,
826,202072,为虎作伥,2,2,1.0,0,
827,202073,为虎添翼,2,2,1.0,0,
828,202074,为渊驱鱼,2,2,1.0,0,
829,202075,为丛驱雀,2,2,1.0,0,
830,202076,作茧自缚,2,2,1.0,0,
831,202077,作壁上观,2,2,1.0,0,
832,202078,作威作福,2,2,1.0,0,
833,202079,舍本逐末,2,2,1.0,0,
834,202080,舍近求远,2,2,1.0,0,
835,202081,舍己为人,2,2,1.0,0,
836,202082,舍生取义,2,2,1.0,0,
837,202083,舍生忘死,2,2,1.0,0,
838,202084,以貌取人,2,2,1.0,0,
839,202085,以偏概全,2,2,1.0,0,
840,202086,以管窥天,2,2,1.0,0,
841,202087,井蛙之见,2,2,1.0,0,
842,202088,坐而论道,2,2,1.0,0,
843,202089,对答如流,2,2,1.0,0,
844,202090,为富不仁,2,2,1.0,0,
845,202091,为所欲为,2,2,1.0,0,
846,202092,为非作歹,2,2,1.0,0,
847,202093,因小失大,2,2,1.0,0,
848,202094,捕风捉影,2,2,1.0,0,
849,202095,掩目捕雀,2,2,1.0,0,
850,202096,黄雀在后,2,2,1.0,0,
851,202097,殃及池鱼,2,2,1.0,0,
852,202098,城门失火,2,2,1.0,0,
853,202099,曾子杀猪,2,2,1.0,0,
854,202100,郑人争年,2,2,1.0,0,
855,202101,众口铄金,2,2,1.0,0,
856,203001,卧薪尝胆,2,3,1.0,0,
857,203002,破釜沉舟,2,3,1.0,0,
858,203003,背水一战,2,3,1.0,0,
859,203004,四面楚歌,2,3,1.0,0,
860,203005,完璧归赵,2,3,1.0,0,
861,203006,负荆请罪,2,3,1.0,0,
862,203007,毛遂自荐,2,3,1.0,0,
863,203008,纸上谈兵,2,3,1.0,0,
864,203009,指鹿为马,2,3,1.0,0,
865,203010,篝火狐鸣,2,3,1.0,0,
866,203011,奇货可居,2,3,1.0,0,
867,203012,一鸣惊人,2,3,1.0,0,
868,203013,三顾茅庐,2,3,1.0,0,
869,203014,草船借箭,2,3,1.0,0,
870,203015,望梅止渴,2,3,1.0,0,
871,203016,乐不思蜀,2,3,1.0,0,
872,203017,初出茅庐,2,3,1.0,0,
873,203018,投笔从戎,2,3,1.0,0,
874,203019,洛阳纸贵,2,3,1.0,0,
875,203020,鞠躬尽瘁,2,3,1.0,0,
876,203021,舌战群儒,2,3,1.0,0,
877,203022,七步成诗,2,3,1.0,0,
878,203023,才高八斗,2,3,1.0,0,
879,203024,桃园结义,2,3,1.0,0,
880,203025,三令五申,2,3,1.0,0,
881,203026,围魏救赵,2,3,1.0,0,
882,203027,退避三舍,2,3,1.0,0,
883,203028,一鼓作气,2,3,1.0,0,
884,203029,再衰三竭,2,3,1.0,0,
885,203030,问鼎中原,2,3,1.0,0,
886,203031,刮骨疗毒,2,3,1.0,0,
887,203032,过关斩将,2,3,1.0,0,
888,203033,霸王别姬,2,3,1.0,0,
889,203034,鸿门宴,2,3,1.0,0,
890,203035,项庄舞剑,2,3,1.0,0,
891,203036,暗度陈仓,2,3,1.0,0,
892,203037,声东击西,2,3,1.0,0,
893,203038,空城计,2,3,1.0,0,
894,203039,十面埋伏,2,3,1.0,0,
895,203040,千金一笑,2,3,1.0,0,
896,203041,烽火戏诸侯,2,3,1.0,0,
897,203042,一诺千金,2,3,1.0,0,
898,203043,季布一诺,2,3,1.0,0,
899,203044,图穷匕见,2,3,1.0,0,
900,203045,壮士断腕,2,3,1.0,0,
901,203046,不入虎穴,2,3,1.0,0,
902,203047,捷足先登,2,3,1.0,0,
903,203048,老马识途,2,3,1.0,0,
904,203049,管鲍之交,2,3,1.0,0,
905,203050,调虎离山,2,3,1.0,0,
906,203051,欲擒故纵,2,3,1.0,0,
907,203052,抛砖引玉,2,3,1.0,0,
908,203053,釜底抽薪,2,3,1.0,0,
909,203054,金蝉脱壳,2,3,1.0,0,
910,203055,关门捉贼,2,3,1.0,0,
911,203056,远交近攻,2,3,1.0,0,
912,203057,瞒天过海,2,3,1.0,0,
913,203058,走为上计,2,3,1.0,0,
914,203059,置之死地,2,3,1.0,0,
915,203060,百战百胜,2,3,1.0,0,
916,203061,百战不殆,2,3,1.0,0,
917,203062,知彼知己,2,3,1.0,0,
918,203063,攻其不备,2,3,1.0,0,
919,203064,以逸待劳,2,3,1.0,0,
920,203065,凿壁偷光,2,3,1.0,0,
921,203066,悬梁刺股,2,3,1.0,0,
922,203067,闻鸡起舞,2,3,1.0,0,
923,203068,精忠报国,2,3,1.0,0,
924,203069,徙木立信,2,3,1.0,0,
925,203070,一字千金,2,3,1.0,0,
926,203071,请君入瓮,2,3,1.0,0,
927,203072,来龙去脉,2,3,1.0,0,
928,203073,江郎才尽,2,3,1.0,0,
929,203074,东床快婿,2,3,1.0,0,
930,203075,谢女咏雪,2,3,1.0,0,
931,203076,谢庭兰玉,2,3,1.0,0,
932,203077,卧榻之侧,2,3,1.0,0,
933,203078,单骑救主,2,3,1.0,0,
934,203079,七擒七纵,2,3,1.0,0,
935,203080,意在沛公,2,3,1.0,0,
936,203081,身在曹营,2,3,1.0,0,
937,203082,跃马檀溪,2,3,1.0,0,
938,203083,多多益善,2,3,1.0,0,
939,203084,胯下之辱,2,3,1.0,0,
940,203085,国士无双,2,3,1.0,0,
941,203086,一饭千金,2,3,1.0,0,
942,203087,千金市骨,2,3,1.0,0,
943,203088,萧规曹随,2,3,1.0,0,
944,203089,约法三章,2,3,1.0,0,
945,203090,焚书坑儒,2,3,1.0,0,
946,203091,卧冰求鲤,2,3,1.0,0,
947,203092,程门立雪,2,3,1.0,0,
948,203093,岳母刺字,2,3,1.0,0,
949,203094,韩信点兵,2,3,1.0,0,
950,203095,明修栈道,2,3,1.0,0,
951,203096,万事俱备,2,3,1.0,0,
952,203097,只欠东风,2,3,1.0,0,
953,203098,三顾频烦,2,3,1.0,0,
954,203099,出师未捷,2,3,1.0,0,
955,204001,高山流水,2,4,1.0,0,
956,204002,水落石出,2,4,1.0,0,
957,204003,天长地久,2,4,1.0,0,
958,204004,老骥伏枥,2,4,1.0,0,
959,204005,春风得意,2,4,1.0,0,
960,204006,柳暗花明,2,4,1.0,0,
961,204007,山重水复,2,4,1.0,0,
962,204008,乘风破浪,2,4,1.0,0,
963,204009,直挂云帆,2,4,1.0,0,
964,204010,天涯比邻,2,4,1.0,0,
965,204011,如鱼得水,2,4,1.0,0,
966,204012,浮光掠影,2,4,1.0,0,
967,204013,淡妆浓抹,2,4,1.0,0,
968,204014,红袖添香,2,4,1.0,0,
969,204015,才子佳人,2,4,1.0,0,
970,204016,花前月下,2,4,1.0,0,
971,204017,诗情画意,2,4,1.0,0,
972,204018,沉鱼落雁,2,4,1.0,0,
973,204019,闭月羞花,2,4,1.0,0,
974,204020,倾国倾城,2,4,1.0,0,
975,204021,国色天香,2,4,1.0,0,
976,204022,人面桃花,2,4,1.0,0,
977,204023,物是人非,2,4,1.0,0,
978,204024,触景生情,2,4,1.0,0,
979,204025,睹物思人,2,4,1.0,0,
980,204026,比翼双飞,2,4,1.0,0,
981,204027,举案齐眉,2,4,1.0,0,
982,204028,琴瑟和鸣,2,4,1.0,0,
983,204029,鸾凤和鸣,2,4,1.0,0,
984,204030,白头偕老,2,4,1.0,0,
985,204031,相濡以沫,2,4,1.0,0,
986,204032,相敬如宾,2,4,1.0,0,
987,204033,夫唱妇随,2,4,1.0,0,
988,204034,破镜重圆,2,4,1.0,0,
989,204035,镜花水月,2,4,1.0,0,
990,204036,出口成章,2,4,1.0,0,
991,204037,妙笔生花,2,4,1.0,0,
992,204038,笔下生花,2,4,1.0,0,
993,204039,文思泉涌,2,4,1.0,0,
994,204040,江郎才尽,2,4,1.0,0,
995,204041,笔走龙蛇,2,4,1.0,0,
996,204042,铁画银钩,2,4,1.0,0,
997,204043,入木三分,2,4,1.0,0,
998,204044,对酒当歌,2,4,1.0,0,
999,204045,人生几何,2,4,1.0,0,
1000,204046,壮志难酬,2,4,1.0,0,
1001,204047,怀才不遇,2,4,1.0,0,
1002,204048,生不逢时,2,4,1.0,0,
1003,204049,时不我待,2,4,1.0,0,
1004,204050,书山有路,2,4,1.0,0,
1005,204051,学海无涯,2,4,1.0,0,
1006,204052,学无止境,2,4,1.0,0,
1007,204053,博览群书,2,4,1.0,0,
1008,204054,开卷有益,2,4,1.0,0,
1009,204055,读万卷书,2,4,1.0,0,
1010,204056,行万里路,2,4,1.0,0,
1011,204057,下笔如神,2,4,1.0,0,
1012,204058,腹有诗书,2,4,1.0,0,
1013,204059,胸有成竹,2,4,1.0,0,
1014,204060,竹篮打水,2,4,1.0,0,
1015,204061,画中有诗,2,4,1.0,0,
1016,204062,诗中有画,2,4,1.0,0,
1017,204063,言简意赅,2,4,1.0,0,
1018,204064,深入浅出,2,4,1.0,0,
1019,204065,喜闻乐见,2,4,1.0,0,
1020,204066,脍炙人口,2,4,1.0,0,
1021,204067,流传千古,2,4,1.0,0,
1022,204068,千古佳话,2,4,1.0,0,
1023,204069,名垂青史,2,4,1.0,0,
1024,204070,青史留名,2,4,1.0,0,
1025,204071,流芳百世,2,4,1.0,0,
1026,204072,百世流芳,2,4,1.0,0,
1027,204073,千古风流,2,4,1.0,0,
1028,204074,风流倜傥,2,4,1.0,0,
1029,204075,文采飞扬,2,4,1.0,0,
1030,204076,文采斐然,2,4,1.0,0,
1031,204077,斐然成章,2,4,1.0,0,
1032,204078,著书立说,2,4,1.0,0,
1033,204079,窈窕淑女,2,4,1.0,0,
1034,204080,君子好逑,2,4,1.0,0,
1035,204081,辗转反侧,2,4,1.0,0,
1036,204082,温故知新,2,4,1.0,0,
1037,204083,见贤思齐,2,4,1.0,0,
1038,204084,举一反三,2,4,1.0,0,
1039,204085,学而不厌,2,4,1.0,0,
1040,204086,诲人不倦,2,4,1.0,0,
1041,204087,不耻下问,2,4,1.0,0,
1042,204088,发愤忘食,2,4,1.0,0,
1043,204089,逝者如斯,2,4,1.0,0,
1044,204090,不舍昼夜,2,4,1.0,0,
1045,204091,志不可夺,2,4,1.0,0,
1046,204092,从心所欲,2,4,1.0,0,
1047,204093,不逾矩,2,4,1.0,0,
1048,204094,绿肥红瘦,2,4,1.0,0,
1049,204095,人比黄花,2,4,1.0,0,
1050,204096,曲径通幽,2,4,1.0,0,
1051,204097,化作春泥,2,4,1.0,0,
1052,204098,蜡炬成灰,2,4,1.0,0,
1053,204099,独上西楼,2,4,1.0,0,
1054,204100,渔舟唱晚,2,4,1.0,0,
1055,204101,秋水长天,2,4,1.0,0,
1056,204102,落霞孤鹜,2,4,1.0,0,
1057,205001,大彻大悟,2,5,1.0,0,
1058,205002,醍醐灌顶,2,5,1.0,0,
1059,205003,当头棒喝,2,5,1.0,0,
1060,205004,不可思议,2,5,1.0,0,
1061,205005,皆大欢喜,2,5,1.0,0,
1062,205006,借花献佛,2,5,1.0,0,
1063,205007,四大皆空,2,5,1.0,0,
1064,205008,六根清净,2,5,1.0,0,
1065,205009,立地成佛,2,5,1.0,0,
1066,205010,现身说法,2,5,1.0,0,
1067,205011,三生有幸,2,5,1.0,0,
1068,205012,恒河沙数,2,5,1.0,0,
1069,205013,电光石火,2,5,1.0,0,
1070,205014,泥牛入海,2,5,1.0,0,
1071,205015,单刀直入,2,5,1.0,0,
1072,205016,顽石点头,2,5,1.0,0,
1073,205017,香火因缘,2,5,1.0,0,
1074,205018,一丝不挂,2,5,1.0,0,
1075,205019,心心相印,2,5,1.0,0,
1076,205020,超凡入圣,2,5,1.0,0,
1077,205021,脱胎换骨,2,5,1.0,0,
1078,205022,神通广大,2,5,1.0,0,
1079,205023,森罗万象,2,5,1.0,0,
1080,205024,极乐世界,2,5,1.0,0,
1081,205025,大慈大悲,2,5,1.0,0,
1082,205026,功德无量,2,5,1.0,0,
1083,205027,五蕴皆空,2,5,1.0,0,
1084,205028,舍身饲虎,2,5,1.0,0,
1085,205029,拈花一笑,2,5,1.0,0,
1086,205030,宝相庄严,2,5,1.0,0,
1087,205031,佛光普照,2,5,1.0,0,
1088,205032,普度众生,2,5,1.0,0,
1089,205033,梦幻泡影,2,5,1.0,0,
1090,205034,如是我闻,2,5,1.0,0,
1091,205035,极乐净土,2,5,1.0,0,
1092,205036,苦海无边,2,5,1.0,0,
1093,205037,劫后余生,2,5,1.0,0,
1094,205038,不二法门,2,5,1.0,0,
1095,205039,功德圆满,2,5,1.0,0,
1096,205040,金身不坏,2,5,1.0,0,
1097,205041,降龙伏虎,2,5,1.0,0,
1098,205042,唯我独尊,2,5,1.0,0,
1099,205043,六道轮回,2,5,1.0,0,
1100,205044,慈航普度,2,5,1.0,0,
1101,205045,明心见性,2,5,1.0,0,
1102,205046,顿悟成佛,2,5,1.0,0,
1103,205047,以心传心,2,5,1.0,0,
1104,205048,见性成佛,2,5,1.0,0,
1105,205049,当头一棒,2,5,1.0,0,
1106,205050,前世今生,2,5,1.0,0,
1107,205051,芸芸众生,2,5,1.0,0,
1108,205052,善男信女,2,5,1.0,0,
1109,205053,轮回转世,2,5,1.0,0,
1110,205054,因果报应,2,5,1.0,0,
1111,205055,善有善报,2,5,1.0,0,
1112,205056,广结善缘,2,5,1.0,0,
1113,205057,大千世界,2,5,1.0,0,
1114,205058,众生平等,2,5,1.0,0,
1115,205059,看破红尘,2,5,1.0,0,
1116,205060,水月道场,2,5,1.0,0,
1117,205061,香象渡河,2,5,1.0,0,
1118,205062,羚羊挂角,2,5,1.0,0,
1119,205063,恶有恶报,2,5,1.0,0,
1120,205064,灰头土面,2,5,1.0,0,
1121,205065,逢场作戏,2,5,1.0,0,
1122,205066,斩钉截铁,2,5,1.0,0,
1123,205067,本来面目,2,5,1.0,0,
1124,205068,百尺竿头,2,5,1.0,0,
1125,205069,枯木逢春,2,5,1.0,0,
1126,205070,水中捞月,2,5,1.0,0,
1127,205071,苦海无边回头是岸,2,5,1.0,0,
1128,205072,放下屠刀立地成佛,2,5,1.0,0,
1129,205073,救人一命胜造七级浮屠,2,5,1.0,0,
1130,205074,色即是空空即是色,2,5,1.0,0,
1131,205075,凡所有相皆是虚妄,2,5,1.0,0,
1132,205076,一花一世界一叶一菩提,2,5,1.0,0,
1133,205077,菩提本无树明镜亦非台,2,5,1.0,0,
1134,205078,本来无一物何处惹尘埃,2,5,1.0,0,
1135,205079,身是菩提树心是明镜台,2,5,1.0,0,
1136,205080,时时勤拂拭勿使惹尘埃,2,5,1.0,0,
1137,205081,我不入地狱谁入地狱,2,5,1.0,0,
1138,205082,如梦幻泡影如露亦如电,2,5,1.0,0,
1139,205083,应作如是观,2,5,1.0,0,
1140,205084,一切有为法如梦幻泡影,2,5,1.0,0,
1141,205085,大肚能容容天下难容之事,2,5,1.0,0,
1142,205086,开口便笑笑世间可笑之人,2,5,1.0,0,
1143,205087,饥来吃饭困来即眠,2,5,1.0,0,
1144,205088,十方世界,2,5,1.0,0,
1145,205089,三千大千世界,2,5,1.0,0,
1146,205090,善哉善哉,2,5,1.0,0,
1147,205091,阿弥陀佛,2,5,1.0,0,
1148,206001,种瓜得瓜,2,6,1.0,0,
1149,206002,种豆得豆,2,6,1.0,0,
1150,206003,人言可畏,2,6,1.0,0,
1151,206004,好事多磨,2,6,1.0,0,
1152,206005,捷足先得,2,6,1.0,0,
1153,206006,先发制人,2,6,1.0,0,
1154,206007,后发制人,2,6,1.0,0,
1155,206008,趁热打铁,2,6,1.0,0,
1156,206009,顺藤摸瓜,2,6,1.0,0,
1157,206010,打草惊蛇,2,6,1.0,0,
1158,206011,浑水摸鱼,2,6,1.0,0,
1159,206012,顺手牵羊,2,6,1.0,0,
1160,206013,将计就计,2,6,1.0,0,
1161,206014,将心比心,2,6,1.0,0,
1162,206015,天经地义,2,6,1.0,0,
1163,206016,理直气壮,2,6,1.0,0,
1164,206017,明知故犯,2,6,1.0,0,
1165,206018,明知故问,2,6,1.0,0,
1166,206019,明知山有虎,2,6,1.0,0,
1167,206020,偏向虎山行,2,6,1.0,0,
1168,206021,新官上任三把火,2,6,1.0,0,
1169,206022,树倒猢狲散,2,6,1.0,0,
1170,206023,八九不离十,2,6,1.0,0,
1171,206024,不管三七二十一,2,6,1.0,0,
1172,206025,井水不犯河水,2,6,1.0,0,
1173,206026,强龙不压地头蛇,2,6,1.0,0,
1174,206027,外来的和尚会念经,2,6,1.0,0,
1175,206028,三下五除二,2,6,1.0,0,
1176,206029,二一添作五,2,6,1.0,0,
1177,206030,瑞雪兆丰年,2,6,1.0,0,
1178,206031,无风不起浪,2,6,1.0,0,
1179,206032,路遥知马力,2,6,1.0,0,
1180,206033,日久见人心,2,6,1.0,0,
1181,206034,一个巴掌拍不响,2,6,1.0,0,
1182,206035,三个臭皮匠顶个诸葛亮,2,6,1.0,0,
1183,206036,百闻不如一见,2,6,1.0,0,
1184,206037,挂羊头卖狗肉,2,6,1.0,0,
1185,206038,人往高处走水往低处流,2,6,1.0,0,
1186,206039,吃得苦中苦方为人上人,2,6,1.0,0,
1187,206040,打铁还需自身硬,2,6,1.0,0,
1188,206041,苍蝇不叮无缝的蛋,2,6,1.0,0,
1189,206042,好马不吃回头草,2,6,1.0,0,
1190,206043,兔子不吃窝边草,2,6,1.0,0,
1191,206044,王婆卖瓜自卖自夸,2,6,1.0,0,
1192,206045,身在福中不知福,2,6,1.0,0,
1193,206046,解铃还须系铃人,2,6,1.0,0,
1194,206047,一年之计在于春,2,6,1.0,0,
1195,206048,一日之计在于晨,2,6,1.0,0,
1196,206049,不听老人言吃亏在眼前,2,6,1.0,0,
1197,206050,耳听为虚眼见为实,2,6,1.0,0,
1198,206051,好借好还再借不难,2,6,1.0,0,
1199,206052,初生牛犊不怕虎,2,6,1.0,0,
1200,206053,这山望着那山高,2,6,1.0,0,
1201,206054,车到山前必有路,2,6,1.0,0,
1202,206055,船到桥头自然直,2,6,1.0,0,
1203,206056,眉头一皱计上心来,2,6,1.0,0,
1204,206057,打破砂锅问到底,2,6,1.0,0,
1205,206058,三百六十行行行出状元,2,6,1.0,0,
1206,206059,江山易改本性难移,2,6,1.0,0,
1207,206060,近朱者赤近墨者黑,2,6,1.0,0,
1208,206061,远水救不了近火,2,6,1.0,0,
1209,206062,良药苦口利于病忠言逆耳利于行,2,6,1.0,0,
1210,206063,寸金难买寸光阴,2,6,1.0,0,
1211,206064,少壮不努力老大徒伤悲,2,6,1.0,0,
1212,206065,前事不忘后事之师,2,6,1.0,0,
1213,206066,活到老学到老,2,6,1.0,0,
1214,206067,路见不平拔刀相助,2,6,1.0,0,
1215,206068,芝麻开花节节高,2,6,1.0,0,
1216,206069,磨刀不误砍柴工,2,6,1.0,0,
1217,206070,巧妇难为无米之炊,2,6,1.0,0,
1218,206071,姜还是老的辣,2,6,1.0,0,
1219,206072,丈二和尚摸不着头脑,2,6,1.0,0,
1220,206073,此地无银三百两,2,6,1.0,0,
1221,206074,浪子回头金不换,2,6,1.0,0,
1222,206075,养兵千日用兵一时,2,6,1.0,0,
1223,206076,麻雀虽小五脏俱全,2,6,1.0,0,
1224,206077,刀子嘴豆腐心,2,6,1.0,0,
1225,206078,换汤不换药,2,6,1.0,0,
1226,206079,说曹操曹操到,2,6,1.0,0,
1227,206080,摸着石头过河,2,6,1.0,0,
1228,206081,一招鲜吃遍天,2,6,1.0,0,
1229,206082,冰冻三尺非一日之寒,2,6,1.0,0,
1230,206083,千里送鹅毛礼轻情意重,2,6,1.0,0,
1231,206084,画虎画皮难画骨知人知面不知心,2,6,1.0,0,
1232,206085,人不可貌相海水不可斗量,2,6,1.0,0,
1233,206086,酒香不怕巷子深,2,6,1.0,0,
1234,206087,真金不怕火炼,2,6,1.0,0,
1235,207001,上善若水,2,7,1.0,0,
1236,207002,大器晚成,2,7,1.0,0,
1237,207003,大巧若拙,2,7,1.0,0,
1238,207004,大智若愚,2,7,1.0,0,
1239,207005,知足常乐,2,7,1.0,0,
1240,207006,功成不居,2,7,1.0,0,
1241,207007,和光同尘,2,7,1.0,0,
1242,207008,宠辱不惊,2,7,1.0,0,
1243,207009,慎终如始,2,7,1.0,0,
1244,207010,轻诺寡信,2,7,1.0,0,
1245,207011,信言不美,2,7,1.0,0,
1246,207012,千里之行,2,7,1.0,0,
1247,207013,始于足下,2,7,1.0,0,
1248,207014,九层之台,2,7,1.0,0,
1249,207015,起于累土,2,7,1.0,0,
1250,207016,福祸相倚,2,7,1.0,0,
1251,207017,知足不辱,2,7,1.0,0,
1252,207018,知止不殆,2,7,1.0,0,
1253,207019,大音希声,2,7,1.0,0,
1254,207020,大象无形,2,7,1.0,0,
1255,207021,道法自然,2,7,1.0,0,
1256,207022,无为而治,2,7,1.0,0,
1257,207023,天生我才,2,7,1.0,0,
1258,207024,青出于蓝,2,7,1.0,0,
1259,207025,锲而不舍,2,7,1.0,0,
1260,207026,积善成德,2,7,1.0,0,
1261,207027,滴水穿石,2,7,1.0,0,
1262,207028,金石可镂,2,7,1.0,0,
1263,207029,积土成山,2,7,1.0,0,
1264,207030,积水成渊,2,7,1.0,0,
1265,207031,不积跬步,2,7,1.0,0,
1266,207032,无以至千里,2,7,1.0,0,
1267,207033,不积小流,2,7,1.0,0,
1268,207034,无以成江海,2,7,1.0,0,
1269,207035,君子不器,2,7,1.0,0,
1270,207036,和而不同,2,7,1.0,0,
1271,207037,周而不比,2,7,1.0,0,
1272,207038,泰而不骄,2,7,1.0,0,
1273,207039,成人之美,2,7,1.0,0,
1274,207040,己所不欲,2,7,1.0,0,
1275,207041,勿施于人,2,7,1.0,0,
1276,207042,刚毅木讷,2,7,1.0,0,
1277,207043,杀身成仁,2,7,1.0,0,
1278,207044,舍生取义,2,7,1.0,0,
1279,207045,浩然之气,2,7,1.0,0,
1280,207046,出类拔萃,2,7,1.0,0,
1281,207047,兼善天下,2,7,1.0,0,
1282,207048,独善其身,2,7,1.0,0,
1283,207049,生于忧患,2,7,1.0,0,
1284,207050,死于安乐,2,7,1.0,0,
1285,207051,得道多助,2,7,1.0,0,
1286,207052,失道寡助,2,7,1.0,0,
1287,207053,天时地利,2,7,1.0,0,
1288,207054,人和为贵,2,7,1.0,0,
1289,207055,知人者智自知者明,2,7,1.0,0,
1290,207056,祸兮福之所倚福兮祸之所伏,2,7,1.0,0,
1291,207057,合抱之木生于毫末,2,7,1.0,0,
1292,207058,千里之行始于足下,2,7,1.0,0,
1293,207059,天网恢恢疏而不漏,2,7,1.0,0,
1294,207060,信言不美美言不信,2,7,1.0,0,
1295,207061,善者不辩辩者不善,2,7,1.0,0,
1296,207062,知者不博博者不知,2,7,1.0,0,
1297,207063,千里之堤溃于蚁穴,2,7,1.0,0,
1298,207064,十年树木百年树人,2,7,1.0,0,
1299,207065,学不可以已,2,7,1.0,0,
1300,207066,君子博学而日参省乎己,2,7,1.0,0,
1301,207067,不登高山不知天之高也,2,7,1.0,0,
1302,207068,不临深溪不知地之厚也,2,7,1.0,0,
1303,207069,三人行必有我师焉,2,7,1.0,0,
1304,207070,学而不思则罔思而不学则殆,2,7,1.0,0,
1305,207071,知之为知之不知为不知是知也,2,7,1.0,0,
1306,207072,朝闻道夕死可矣,2,7,1.0,0,
1307,207073,君子坦荡荡小人长戚戚,2,7,1.0,0,
1308,207074,岁寒然后知松柏之后凋也,2,7,1.0,0,
1309,207075,吾日三省吾身,2,7,1.0,0,
1310,207076,三思而后行,2,7,1.0,0,
1311,207077,不在其位不谋其政,2,7,1.0,0,
1312,207078,道不同不相为谋,2,7,1.0,0,
1313,207079,小不忍则乱大谋,2,7,1.0,0,
1314,207080,工欲善其事必先利其器,2,7,1.0,0,
1315,207081,君子求诸己小人求诸人,2,7,1.0,0,
1316,207082,穷则独善其身达则兼济天下,2,7,1.0,0,
1317,207083,富贵不能淫贫贱不能移威武不能屈,2,7,1.0,0,
1318,207084,天将降大任于是人也必先苦其心志,2,7,1.0,0,
1319,207085,青出于蓝而胜于蓝,2,7,1.0,0,
1320,207086,水能载舟亦能覆舟,2,7,1.0,0,
